__atable_index,file_path,corpus,size_bytes,sha256,row_created,row_updated
"('satellogic_all/boats2020/image_20200508-092838-434_0085-u8be-1x5120x5120.raw',)",satellogic_all/boats2020/image_20200508-092838-434_0085-u8be-1x5120x5120.raw,boats2020,26214400,f582853dae0d6430842db0d1cec1b3d0b9e159c0120af51a35801a70764d837c,2022-02-10T02:09:41.207869,2022-02-10T02:09:41.208832
"('satellogic_all/boats2020/image_20200508-092839-319_0099-u8be-1x5120x5120.raw',)",satellogic_all/boats2020/image_20200508-092839-319_0099-u8be-1x5120x5120.raw,boats2020,26214400,1ccf94947ba34ce29821a34b64c570b7bd23517da37e6e5819137bc95995d80c,2022-02-10T02:09:41.233204,2022-02-10T02:09:41.234820
"('satellogic_all/boats2020/image_20200508-092839-825_0107-u8be-1x5120x5120.raw',)",satellogic_all/boats2020/image_20200508-092839-825_0107-u8be-1x5120x5120.raw,boats2020,26214400,2d11a92072cf1ed2738ecaf3980b82fa09b12260519283ae08545a63f2277d3f,2022-02-10T02:09:41.230375,2022-02-10T02:09:41.232154
"('satellogic_all/boats2020/image_20200508-092840-331_0115-u8be-1x5120x5120.raw',)",satellogic_all/boats2020/image_20200508-092840-331_0115-u8be-1x5120x5120.raw,boats2020,26214400,adb8286a926b14bcf556e4994550eddcf51853a3e16af9404dddcceffb9b92cc,2022-02-10T02:09:41.245152,2022-02-10T02:09:41.246670
"('satellogic_all/boats2020/image_20200511-051227-745_0091-u8be-1x5120x5120.raw',)",satellogic_all/boats2020/image_20200511-051227-745_0091-u8be-1x5120x5120.raw,boats2020,26214400,78d5697fb7c9a778430d7ce697c7bf534197a89e746bb1a96e3905763a3c1f46,2022-02-10T02:09:41.249911,2022-02-10T02:09:41.251517
"('satellogic_all/boats2020/image_20200511-051228-124_0097-u8be-1x5120x5120.raw',)",satellogic_all/boats2020/image_20200511-051228-124_0097-u8be-1x5120x5120.raw,boats2020,26214400,f2f29cc8ce82ff4f4d307036ec5bbc642ee569bca380ffa05633f389771cd65b,2022-02-10T02:09:41.256461,2022-02-10T02:09:41.257690
"('satellogic_all/boats2020/image_20200511-051229-136_0113-u8be-1x5120x5120.raw',)",satellogic_all/boats2020/image_20200511-051229-136_0113-u8be-1x5120x5120.raw,boats2020,26214400,9942e4800f54e5311cd7ba43cd929e0c311df1c1aa8f49eaa2045d9c88042542,2022-02-10T02:09:41.267358,2022-02-10T02:09:41.268351
"('satellogic_all/boats2020/image_20200516-074719-603_0057-u8be-1x5120x5120.raw',)",satellogic_all/boats2020/image_20200516-074719-603_0057-u8be-1x5120x5120.raw,boats2020,26214400,9442e85361ecea4e44d3394de64f67964508a8f6f537c2774ccfb32bbd3e91a6,2022-02-10T02:09:41.267464,2022-02-10T02:09:41.268470
"('satellogic_all/boats2020/image_20200527-215649-751_0201-u8be-1x5120x5120.raw',)",satellogic_all/boats2020/image_20200527-215649-751_0201-u8be-1x5120x5120.raw,boats2020,26214400,535e97e129469ca3932827d95f26a594a0ebc9c0de90c967f7bd47951fa2cd0f,2022-02-10T02:09:41.274126,2022-02-10T02:09:41.275042
"('satellogic_all/boats2020/image_20200530-020548-527_0309-u8be-1x5120x5120.raw',)",satellogic_all/boats2020/image_20200530-020548-527_0309-u8be-1x5120x5120.raw,boats2020,26214400,e91587aec649035168d6a7dcffe8d2cc74dfff22c13498ed910dce7b34ac60d7,2022-02-10T02:09:41.281186,2022-02-10T02:09:41.282662
"('satellogic_all/boats2020/image_20200531-092712-529_0167-u8be-1x5120x5120.raw',)",satellogic_all/boats2020/image_20200531-092712-529_0167-u8be-1x5120x5120.raw,boats2020,26214400,d4c18cc9fded4ec940b737bd1bf13c2945fc10bc74dbdc3ae55a44e3fc5d797f,2022-02-10T02:09:41.288150,2022-02-10T02:09:41.289693
"('satellogic_all/boats2020/image_20200714-100238-761_0471-u8be-1x5120x5120.raw',)",satellogic_all/boats2020/image_20200714-100238-761_0471-u8be-1x5120x5120.raw,boats2020,26214400,e8f8663a5fd8a2be4ddcc924858f090c6cf397e3c1b79b15b8d10bb8eafd7021,2022-02-10T02:09:41.302317,2022-02-10T02:09:41.303961
"('satellogic_all/fields2020/image_20201008-135317-108_0001-u8be-1x5120x5120.raw',)",satellogic_all/fields2020/image_20201008-135317-108_0001-u8be-1x5120x5120.raw,fields2020,26214400,d8352c279928a66a423a5efe5d4004ad8c8d421346c5acc9be790c798efc1568,2022-02-10T02:09:41.314367,2022-02-10T02:09:41.315571
"('satellogic_all/fields2020/image_20201008-135317-234_0003-u8be-1x5120x5120.raw',)",satellogic_all/fields2020/image_20201008-135317-234_0003-u8be-1x5120x5120.raw,fields2020,26214400,816abb5cf100af25fc4125cce2bf08ea2eafdbf0bf86fb84665c901418ae9590,2022-02-10T02:09:41.323828,2022-02-10T02:09:41.324954
"('satellogic_all/fields2020/image_20201008-135317-361_0005-u8be-1x5120x5120.raw',)",satellogic_all/fields2020/image_20201008-135317-361_0005-u8be-1x5120x5120.raw,fields2020,26214400,1d063298d590b8a09dce698c827e5af8f39019c53bf97831d24e6f8e5a962910,2022-02-10T02:09:41.322861,2022-02-10T02:09:41.324020
"('satellogic_all/fields2020/image_20201008-135317-487_0007-u8be-1x5120x5120.raw',)",satellogic_all/fields2020/image_20201008-135317-487_0007-u8be-1x5120x5120.raw,fields2020,26214400,1b79697210d89741559145410e481ad959b9f9a755ffc466395d04795728c0b6,2022-02-10T02:09:41.340223,2022-02-10T02:09:41.341463
"('satellogic_all/fields2020/image_20201008-135317-613_0009-u8be-1x5120x5120.raw',)",satellogic_all/fields2020/image_20201008-135317-613_0009-u8be-1x5120x5120.raw,fields2020,26214400,7484aba400cd3398a0b99f56b8e3a9d3520296db0b8673363aac10e98cc15c7a,2022-02-10T02:09:41.341693,2022-02-10T02:09:41.342648
"('satellogic_all/fields2020/image_20201008-135317-740_0011-u8be-1x5120x5120.raw',)",satellogic_all/fields2020/image_20201008-135317-740_0011-u8be-1x5120x5120.raw,fields2020,26214400,3e469670866273619e601810f931f75a22b1441055a922e86fac1303dec7f9fb,2022-02-10T02:09:41.347980,2022-02-10T02:09:41.348891
"('satellogic_all/fields2020/image_20201008-135317-866_0013-u8be-1x5120x5120.raw',)",satellogic_all/fields2020/image_20201008-135317-866_0013-u8be-1x5120x5120.raw,fields2020,26214400,d1e3ef8601ea58d3e3540d8f418720a4043a8662b572a7e4f7f7e8d0d0948598,2022-02-10T02:09:41.355176,2022-02-10T02:09:41.356594
"('satellogic_all/fields2020/image_20201008-135317-992_0015-u8be-1x5120x5120.raw',)",satellogic_all/fields2020/image_20201008-135317-992_0015-u8be-1x5120x5120.raw,fields2020,26214400,f0cf057a130ac611086ec246bca56b0bbe3e547e80958b128ae2618192ac7e07,2022-02-10T02:09:41.363683,2022-02-10T02:09:41.365054
"('satellogic_all/fields2020/image_20201008-135318-119_0017-u8be-1x5120x5120.raw',)",satellogic_all/fields2020/image_20201008-135318-119_0017-u8be-1x5120x5120.raw,fields2020,26214400,61e8ea444f62430d41275a657c8d1bbc83af7295f83a3c136500ecebdc10ed87,2022-02-10T02:09:41.353065,2022-02-10T02:09:41.354339
"('satellogic_all/fields2020/image_20201008-135318-245_0019-u8be-1x5120x5120.raw',)",satellogic_all/fields2020/image_20201008-135318-245_0019-u8be-1x5120x5120.raw,fields2020,26214400,1a3713ec21676514af8df18de64831eee5ce5b430e86d4051855f26b2f6fbede,2022-02-10T02:09:41.369417,2022-02-10T02:09:41.370417
"('satellogic_all/fields2020/image_20201008-135318-371_0021-u8be-1x5120x5120.raw',)",satellogic_all/fields2020/image_20201008-135318-371_0021-u8be-1x5120x5120.raw,fields2020,26214400,475ff22446de7206ea260b2b60d4274acd6efbf18560cb1005d858f96fd1e2ca,2022-02-10T02:09:41.378969,2022-02-10T02:09:41.380353
"('satellogic_all/fields2020/image_20201008-135318-498_0023-u8be-1x5120x5120.raw',)",satellogic_all/fields2020/image_20201008-135318-498_0023-u8be-1x5120x5120.raw,fields2020,26214400,c092da8f168bb323ae9937f8d49256112e804dd10fc7d2ced2ea59bb1d4b293e,2022-02-10T02:09:41.388928,2022-02-10T02:09:41.389999
"('satellogic_all/fields2020/image_20201008-135318-624_0025-u8be-1x5120x5120.raw',)",satellogic_all/fields2020/image_20201008-135318-624_0025-u8be-1x5120x5120.raw,fields2020,26214400,f914e40af06cc795e8d133d2abc35328e0e3db51513d8f68cc6386aa49a95645,2022-02-10T02:09:41.383817,2022-02-10T02:09:41.384768
"('satellogic_all/fields2020/image_20201008-135318-750_0027-u8be-1x5120x5120.raw',)",satellogic_all/fields2020/image_20201008-135318-750_0027-u8be-1x5120x5120.raw,fields2020,26214400,1f0fb331a8a56647c655c311e83837f19c9d02baebc0461568497b6432d38c8d,2022-02-10T02:09:41.406899,2022-02-10T02:09:41.408640
"('satellogic_all/fields2020/image_20201008-135318-877_0029-u8be-1x5120x5120.raw',)",satellogic_all/fields2020/image_20201008-135318-877_0029-u8be-1x5120x5120.raw,fields2020,26214400,acf7ff75dcef0acd77d3acb5877c59be8fedece80ba47ee4292d60afdcce4d50,2022-02-10T02:09:41.401632,2022-02-10T02:09:41.403349
"('satellogic_all/fields2020/image_20201008-135319-003_0031-u8be-1x5120x5120.raw',)",satellogic_all/fields2020/image_20201008-135319-003_0031-u8be-1x5120x5120.raw,fields2020,26214400,7efc7fe3c889219a9aa35590fc403f00eba8df9616a3d11afc0738f4a4e22e8c,2022-02-10T02:09:41.419053,2022-02-10T02:09:41.421308
"('satellogic_all/fields2020/image_20201008-135319-130_0033-u8be-1x5120x5120.raw',)",satellogic_all/fields2020/image_20201008-135319-130_0033-u8be-1x5120x5120.raw,fields2020,26214400,1c0942c2a6bf583cfb5628092087f0c91a310909bee4884e6806f288f768b4b9,2022-02-10T02:09:41.423179,2022-02-10T02:09:41.424769
"('satellogic_all/fields2020/image_20201008-135319-256_0035-u8be-1x5120x5120.raw',)",satellogic_all/fields2020/image_20201008-135319-256_0035-u8be-1x5120x5120.raw,fields2020,26214400,e0b9b4d8d2ac4d4532ebbf59f1133ae1280ed3f9f0b01ee465ad2eb1630d6592,2022-02-10T02:09:41.412773,2022-02-10T02:09:41.414070
"('satellogic_all/fields2020/image_20201008-135319-383_0037-u8be-1x5120x5120.raw',)",satellogic_all/fields2020/image_20201008-135319-383_0037-u8be-1x5120x5120.raw,fields2020,26214400,6c1afcf78c2951daa2dcc8e77e0f1eb2fd8ae4d04a7e6eea7dfe5aa9d339eb6f,2022-02-10T02:09:41.428236,2022-02-10T02:09:41.429180
"('satellogic_all/fields2020/image_20201008-135319-509_0039-u8be-1x5120x5120.raw',)",satellogic_all/fields2020/image_20201008-135319-509_0039-u8be-1x5120x5120.raw,fields2020,26214400,3bb47784274b249cfaedbecd69318f1262e3dd20c4e9bb792f2d89c76ca8ca09,2022-02-10T02:09:41.435584,2022-02-10T02:09:41.436758
"('satellogic_all/fields2020/image_20201008-135319-635_0041-u8be-1x5120x5120.raw',)",satellogic_all/fields2020/image_20201008-135319-635_0041-u8be-1x5120x5120.raw,fields2020,26214400,44764a18a4fa57b8fa3256331eacede16b96f7ac8548b5a98341c05ec83930b7,2022-02-10T02:09:41.432442,2022-02-10T02:09:41.433345
"('satellogic_all/fields2020/image_20201008-135319-762_0043-u8be-1x5120x5120.raw',)",satellogic_all/fields2020/image_20201008-135319-762_0043-u8be-1x5120x5120.raw,fields2020,26214400,3c32a46fef807226c8eb94dfa1916d29d02cebff30f1aad542c628025bfd5634,2022-02-10T02:09:41.440156,2022-02-10T02:09:41.441347
"('satellogic_all/fields2020/image_20201008-135319-888_0045-u8be-1x5120x5120.raw',)",satellogic_all/fields2020/image_20201008-135319-888_0045-u8be-1x5120x5120.raw,fields2020,26214400,11787cd0b688fe1d20fad7ce8c5b99d17c81d79405ed364efdb308b5cff69402,2022-02-10T02:09:41.435940,2022-02-10T02:09:41.436703
"('satellogic_all/fields2020/image_20201008-135320-015_0047-u8be-1x5120x5120.raw',)",satellogic_all/fields2020/image_20201008-135320-015_0047-u8be-1x5120x5120.raw,fields2020,26214400,9458e4348ef138284f8f620a792555ee6257a3221b7c67fd19ea5836354819db,2022-02-10T02:09:41.459990,2022-02-10T02:09:41.461120
"('satellogic_all/fields2020/image_20201008-135320-141_0049-u8be-1x5120x5120.raw',)",satellogic_all/fields2020/image_20201008-135320-141_0049-u8be-1x5120x5120.raw,fields2020,26214400,4632ed75aa7a98b64d06c2238891611253e285a089039e55d652a17044b45452,2022-02-10T02:09:41.460329,2022-02-10T02:09:41.461255
"('satellogic_all/fields2020/image_20201008-135320-267_0051-u8be-1x5120x5120.raw',)",satellogic_all/fields2020/image_20201008-135320-267_0051-u8be-1x5120x5120.raw,fields2020,26214400,0c73038e54442f7dcc8cfacc79061bc5fc40f8f681e005dc765464c89abfe874,2022-02-10T02:09:41.467933,2022-02-10T02:09:41.468703
"('satellogic_all/fields2020/image_20201008-135320-394_0053-u8be-1x5120x5120.raw',)",satellogic_all/fields2020/image_20201008-135320-394_0053-u8be-1x5120x5120.raw,fields2020,26214400,e3041012be7a30502d15eb967338030b8b2115fcd31ebcf8112b7d5990f7a18b,2022-02-10T02:09:41.477323,2022-02-10T02:09:41.478239
"('satellogic_all/fields2020/image_20201008-135320-520_0055-u8be-1x5120x5120.raw',)",satellogic_all/fields2020/image_20201008-135320-520_0055-u8be-1x5120x5120.raw,fields2020,26214400,81b546d8a7642bd9a62f1fa2d796e24638dec5d2f9a2cf576638dda8c18d947a,2022-02-10T02:09:41.486075,2022-02-10T02:09:41.486906
"('satellogic_all/fields2020/image_20201008-135320-647_0057-u8be-1x5120x5120.raw',)",satellogic_all/fields2020/image_20201008-135320-647_0057-u8be-1x5120x5120.raw,fields2020,26214400,04520588903820edcfd9bd637354467d57178202f3f54804ae7f191af52d0ffc,2022-02-10T02:09:41.492524,2022-02-10T02:09:41.493343
"('satellogic_all/fields2020/image_20201008-135320-773_0059-u8be-1x5120x5120.raw',)",satellogic_all/fields2020/image_20201008-135320-773_0059-u8be-1x5120x5120.raw,fields2020,26214400,2377628b292585dd9bc8661c97e3e639d091421bacecb2cfd965f3fb52edfc27,2022-02-10T02:09:41.490320,2022-02-10T02:09:41.491293
"('satellogic_all/fields2020/image_20201008-135320-900_0061-u8be-1x5120x5120.raw',)",satellogic_all/fields2020/image_20201008-135320-900_0061-u8be-1x5120x5120.raw,fields2020,26214400,de1fdf4b437e22fa87f41cedf31940c371b4ee97e718fc5d326cb978abb0ee66,2022-02-10T02:09:41.492962,2022-02-10T02:09:41.493792
"('satellogic_all/fields2020/image_20201008-135321-026_0063-u8be-1x5120x5120.raw',)",satellogic_all/fields2020/image_20201008-135321-026_0063-u8be-1x5120x5120.raw,fields2020,26214400,67bb7829cea3a4976c5be688a7cacc9ff3f1b9c68a1b910f2130dc6a6e6902c2,2022-02-10T02:09:41.506879,2022-02-10T02:09:41.507991
"('satellogic_all/fields2020/image_20201008-135321-152_0065-u8be-1x5120x5120.raw',)",satellogic_all/fields2020/image_20201008-135321-152_0065-u8be-1x5120x5120.raw,fields2020,26214400,a6eda1ccd353f2852be44ffaf2517a2a52240f3a06668adde67dc559a27c79b9,2022-02-10T02:09:41.508865,2022-02-10T02:09:41.509805
"('satellogic_all/fields2020/image_20201008-135321-279_0067-u8be-1x5120x5120.raw',)",satellogic_all/fields2020/image_20201008-135321-279_0067-u8be-1x5120x5120.raw,fields2020,26214400,36d3803be5bb120666645c841eb28864b4509773278094c7d5fb751a3afe9af1,2022-02-10T02:09:41.518534,2022-02-10T02:09:41.519448
"('satellogic_all/fields2020/image_20201008-135321-405_0069-u8be-1x5120x5120.raw',)",satellogic_all/fields2020/image_20201008-135321-405_0069-u8be-1x5120x5120.raw,fields2020,26214400,7a5c09904fe7d902190dcda5d256956dd37a32457d1deeb7bec9ad18e5654f82,2022-02-10T02:09:41.531183,2022-02-10T02:09:41.532283
"('satellogic_all/fields2020/image_20201008-135321-531_0071-u8be-1x5120x5120.raw',)",satellogic_all/fields2020/image_20201008-135321-531_0071-u8be-1x5120x5120.raw,fields2020,26214400,418233b512aace179cec93be274835e348b4323411856712c9429b1564ea11ca,2022-02-10T02:09:41.535396,2022-02-10T02:09:41.536440
"('satellogic_all/fields2020/image_20201008-135321-658_0073-u8be-1x5120x5120.raw',)",satellogic_all/fields2020/image_20201008-135321-658_0073-u8be-1x5120x5120.raw,fields2020,26214400,33585868935b8bebca31b8132889023745b8ccd132b86d50c72a431924046f95,2022-02-10T02:09:41.530834,2022-02-10T02:09:41.532147
"('satellogic_all/fields2020/image_20201008-135321-784_0075-u8be-1x5120x5120.raw',)",satellogic_all/fields2020/image_20201008-135321-784_0075-u8be-1x5120x5120.raw,fields2020,26214400,9a4d9b1ee89bf2a2f6f2440338f6c95a91aed75bfbab360c1ae54d1b34c2d086,2022-02-10T02:09:41.534755,2022-02-10T02:09:41.535663
"('satellogic_all/fields2020/image_20201008-135321-910_0077-u8be-1x5120x5120.raw',)",satellogic_all/fields2020/image_20201008-135321-910_0077-u8be-1x5120x5120.raw,fields2020,26214400,6fa4cd5fceca89988125a7219253dd6c9224bd65cabc525ad67f7cbc04c3d8a5,2022-02-10T02:09:41.539834,2022-02-10T02:09:41.541126
"('satellogic_all/fields2020/image_20201008-135322-037_0079-u8be-1x5120x5120.raw',)",satellogic_all/fields2020/image_20201008-135322-037_0079-u8be-1x5120x5120.raw,fields2020,26214400,2d778de9910835aa046337ea608d9a7714c756a1b111d386a1fc45723d73a9d7,2022-02-10T02:09:41.545364,2022-02-10T02:09:41.546533
"('satellogic_all/fields2020/image_20201008-135322-163_0081-u8be-1x5120x5120.raw',)",satellogic_all/fields2020/image_20201008-135322-163_0081-u8be-1x5120x5120.raw,fields2020,26214400,5ae537b17499dd93b1ee0c838283df0785f6ff76ae87481e4001ae6a94864ef3,2022-02-10T02:09:41.541317,2022-02-10T02:09:41.541980
"('satellogic_all/fields2020/image_20201008-135322-290_0083-u8be-1x5120x5120.raw',)",satellogic_all/fields2020/image_20201008-135322-290_0083-u8be-1x5120x5120.raw,fields2020,26214400,ac8a082882d50df387f6b36f1f20c71befb6f54ab3debb23448af11593cf4075,2022-02-10T02:09:41.555734,2022-02-10T02:09:41.556478
"('satellogic_all/fields2020/image_20201008-135322-416_0085-u8be-1x5120x5120.raw',)",satellogic_all/fields2020/image_20201008-135322-416_0085-u8be-1x5120x5120.raw,fields2020,26214400,83f93c0cdbe26649234d1f99d756de521993c90c890031ded6a06826b5ea7b52,2022-02-10T02:09:41.562960,2022-02-10T02:09:41.563693
"('satellogic_all/fields2020/image_20201008-135322-542_0087-u8be-1x5120x5120.raw',)",satellogic_all/fields2020/image_20201008-135322-542_0087-u8be-1x5120x5120.raw,fields2020,26214400,45f66f17dbd2086607e58d26529c93d8df61b7ee692dfae3f67510fc4a2e6755,2022-02-10T02:09:41.564379,2022-02-10T02:09:41.565089
"('satellogic_all/fields2020/image_20201008-135322-669_0089-u8be-1x5120x5120.raw',)",satellogic_all/fields2020/image_20201008-135322-669_0089-u8be-1x5120x5120.raw,fields2020,26214400,25b82129113f38f43ed6dffbc2e421a47e70b74a455e8a61cbb44ed85e34e5e6,2022-02-10T02:09:41.566164,2022-02-10T02:09:41.566921
"('satellogic_all/fields2020/image_20201008-135322-795_0091-u8be-1x5120x5120.raw',)",satellogic_all/fields2020/image_20201008-135322-795_0091-u8be-1x5120x5120.raw,fields2020,26214400,d4c347828b484bc27946f28e591258f3bca67b15482c87a65003fb8dfbb2d960,2022-02-10T02:09:41.573613,2022-02-10T02:09:41.574752
"('satellogic_all/fields2020/image_20201008-135322-922_0093-u8be-1x5120x5120.raw',)",satellogic_all/fields2020/image_20201008-135322-922_0093-u8be-1x5120x5120.raw,fields2020,26214400,0175231df6b8769d5429b8a995bc8a52130cde48161008f1b4bc7f9bc73afb62,2022-02-10T02:09:41.577605,2022-02-10T02:09:41.578824
"('satellogic_all/fields2020/image_20201008-135323-048_0095-u8be-1x5120x5120.raw',)",satellogic_all/fields2020/image_20201008-135323-048_0095-u8be-1x5120x5120.raw,fields2020,26214400,2d5c19012828d396c5a6136d53adde6ecfbc0202ed6eb02beaa0ef81481e52c0,2022-02-10T02:09:41.588055,2022-02-10T02:09:41.589126
"('satellogic_all/fields2020/image_20201008-135323-174_0097-u8be-1x5120x5120.raw',)",satellogic_all/fields2020/image_20201008-135323-174_0097-u8be-1x5120x5120.raw,fields2020,26214400,1db69330119bdc9295fb0f876b3341a600b7a6c4a3f24f2fe9d89629c1f21d4f,2022-02-10T02:09:41.594304,2022-02-10T02:09:41.595490
"('satellogic_all/fields2020/image_20201008-135323-301_0099-u8be-1x5120x5120.raw',)",satellogic_all/fields2020/image_20201008-135323-301_0099-u8be-1x5120x5120.raw,fields2020,26214400,7bca07c4bf76e3aa3505242da3208e27f1238b636b354c94859c82f69854bfd5,2022-02-10T02:09:41.602927,2022-02-10T02:09:41.603826
"('satellogic_all/fields2020/image_20201008-135323-427_0101-u8be-1x5120x5120.raw',)",satellogic_all/fields2020/image_20201008-135323-427_0101-u8be-1x5120x5120.raw,fields2020,26214400,63acba47aac8d7e00f99f1a464804589cf7eb1df101ac00ba976a290a1bf2aae,2022-02-10T02:09:41.607567,2022-02-10T02:09:41.608559
"('satellogic_all/fields2020/image_20201008-135323-553_0103-u8be-1x5120x5120.raw',)",satellogic_all/fields2020/image_20201008-135323-553_0103-u8be-1x5120x5120.raw,fields2020,26214400,1d70e6354b7d198476c8aea4f23b6ecea0017ea42a8447c9587e46835a521aa0,2022-02-10T02:09:41.611192,2022-02-10T02:09:41.612194
"('satellogic_all/fields2020/image_20201008-135323-680_0105-u8be-1x5120x5120.raw',)",satellogic_all/fields2020/image_20201008-135323-680_0105-u8be-1x5120x5120.raw,fields2020,26214400,519e19fa7b75ffcbdb23606e7c107e6ef5adb8a083e6efd3718bcd3ae1bf5d78,2022-02-10T02:09:41.618841,2022-02-10T02:09:41.619574
"('satellogic_all/fields2020/image_20201008-135323-806_0107-u8be-1x5120x5120.raw',)",satellogic_all/fields2020/image_20201008-135323-806_0107-u8be-1x5120x5120.raw,fields2020,26214400,2fbd7652f449ae571ad7f5ebe3b3230dd9bd97bec6fddc7552cdc6a5f46bfa3d,2022-02-10T02:09:41.619295,2022-02-10T02:09:41.620094
"('satellogic_all/fields2020/image_20201008-135323-933_0109-u8be-1x5120x5120.raw',)",satellogic_all/fields2020/image_20201008-135323-933_0109-u8be-1x5120x5120.raw,fields2020,26214400,1fb4d7952a458517fdf6eed27865120ef0d3ca912c64882b0c4a842efb816e31,2022-02-10T02:09:41.627452,2022-02-10T02:09:41.628482
"('satellogic_all/fields2020/image_20201008-135324-059_0111-u8be-1x5120x5120.raw',)",satellogic_all/fields2020/image_20201008-135324-059_0111-u8be-1x5120x5120.raw,fields2020,26214400,c1d3556bca3021a6c0f77ecca5b0eb8d7bc9634d7b7bf0c078f8df6ed01500b4,2022-02-10T02:09:41.628554,2022-02-10T02:09:41.629312
"('satellogic_all/fields2020/image_20201008-135324-185_0113-u8be-1x5120x5120.raw',)",satellogic_all/fields2020/image_20201008-135324-185_0113-u8be-1x5120x5120.raw,fields2020,26214400,849b0f47efb6b7c6f4359358f0f46d126f9ffe9b147cce070fdc8d55769cc21e,2022-02-10T02:09:41.640411,2022-02-10T02:09:41.642166
"('satellogic_all/fields2020/image_20201008-135324-312_0115-u8be-1x5120x5120.raw',)",satellogic_all/fields2020/image_20201008-135324-312_0115-u8be-1x5120x5120.raw,fields2020,26214400,a14dae6e58b53b6672ed678cb46895163126b755c71423ebf7924f7b2fd3f562,2022-02-10T02:09:41.643022,2022-02-10T02:09:41.643992
"('satellogic_all/fields2020/image_20201008-135324-438_0117-u8be-1x5120x5120.raw',)",satellogic_all/fields2020/image_20201008-135324-438_0117-u8be-1x5120x5120.raw,fields2020,26214400,ec8773f385048b658e60eecfcddcdc9ccf6f075a6cfebe06448052850f85cc1f,2022-02-10T02:09:41.645499,2022-02-10T02:09:41.646486
"('satellogic_all/fields2020/image_20201008-135324-565_0119-u8be-1x5120x5120.raw',)",satellogic_all/fields2020/image_20201008-135324-565_0119-u8be-1x5120x5120.raw,fields2020,26214400,1eee332c835658f44c5bd64b26497d339c233f589204327def4066546620efd1,2022-02-10T02:09:41.657872,2022-02-10T02:09:41.658909
"('satellogic_all/fields2020/image_20201008-135324-691_0121-u8be-1x5120x5120.raw',)",satellogic_all/fields2020/image_20201008-135324-691_0121-u8be-1x5120x5120.raw,fields2020,26214400,678cd320101a52a7dc92aab2fd5a8466cf2307e51598f543eb59e9d4dc73f28a,2022-02-10T02:09:41.661509,2022-02-10T02:09:41.662762
"('satellogic_all/fields2020/image_20201008-135324-818_0123-u8be-1x5120x5120.raw',)",satellogic_all/fields2020/image_20201008-135324-818_0123-u8be-1x5120x5120.raw,fields2020,26214400,fb4a87c66e6f664247921be19d9f54058815fd6f587f8f6da69cdf18f578eae5,2022-02-10T02:09:41.664328,2022-02-10T02:09:41.665336
"('satellogic_all/fields2020/image_20201008-135324-944_0125-u8be-1x5120x5120.raw',)",satellogic_all/fields2020/image_20201008-135324-944_0125-u8be-1x5120x5120.raw,fields2020,26214400,8d7ea8bad77aa6c88f0c742e4971550aecd748549ee247e6dd68e45983b88809,2022-02-10T02:09:41.664542,2022-02-10T02:09:41.665353
"('satellogic_all/fields2020/image_20201008-135325-070_0127-u8be-1x5120x5120.raw',)",satellogic_all/fields2020/image_20201008-135325-070_0127-u8be-1x5120x5120.raw,fields2020,26214400,1189c63b50874d9d92972e2c820b4e2f5c46d8432c38026d7612be89436e4302,2022-02-10T02:09:41.675779,2022-02-10T02:09:41.676839
"('satellogic_all/fields2020/image_20201008-135325-197_0129-u8be-1x5120x5120.raw',)",satellogic_all/fields2020/image_20201008-135325-197_0129-u8be-1x5120x5120.raw,fields2020,26214400,fb516f37db0329be16e70813bbd4a9f35375e6968eb4641aacd15b9b78686129,2022-02-10T02:09:41.671345,2022-02-10T02:09:41.672302
"('satellogic_all/fields2020/image_20201008-135325-323_0131-u8be-1x5120x5120.raw',)",satellogic_all/fields2020/image_20201008-135325-323_0131-u8be-1x5120x5120.raw,fields2020,26214400,2a6b69e93114c0937d6d63b093b3d158b6a159b095e883e04176381581830386,2022-02-10T02:09:41.672547,2022-02-10T02:09:41.673556
"('satellogic_all/fields2020/image_20201008-135325-450_0133-u8be-1x5120x5120.raw',)",satellogic_all/fields2020/image_20201008-135325-450_0133-u8be-1x5120x5120.raw,fields2020,26214400,45163c7ea0c6452b6e8f0b75db83f9efc2dbaef5ea033d08dec6984d001af3b7,2022-02-10T02:09:41.681193,2022-02-10T02:09:41.682242
"('satellogic_all/fields2020/image_20201008-135325-576_0135-u8be-1x5120x5120.raw',)",satellogic_all/fields2020/image_20201008-135325-576_0135-u8be-1x5120x5120.raw,fields2020,26214400,529d626fc915513d6815b7ddd35986378b1955e3e5637661b836648f2bb32c0f,2022-02-10T02:09:41.688324,2022-02-10T02:09:41.689383
"('satellogic_all/fields2020/image_20201008-135325-702_0137-u8be-1x5120x5120.raw',)",satellogic_all/fields2020/image_20201008-135325-702_0137-u8be-1x5120x5120.raw,fields2020,26214400,8120ac7f19041af59cce95f742ec7db53c96e953991594ef472f456884130b10,2022-02-10T02:09:41.693452,2022-02-10T02:09:41.694718
"('satellogic_all/fields2020/image_20201008-135325-829_0139-u8be-1x5120x5120.raw',)",satellogic_all/fields2020/image_20201008-135325-829_0139-u8be-1x5120x5120.raw,fields2020,26214400,a23341ef8748d6ecc046b3479d81388827daca36339db0d9fb59f5bab2bc567d,2022-02-10T02:09:41.686667,2022-02-10T02:09:41.687786
"('satellogic_all/fields2020/image_20201008-135325-955_0141-u8be-1x5120x5120.raw',)",satellogic_all/fields2020/image_20201008-135325-955_0141-u8be-1x5120x5120.raw,fields2020,26214400,4e01daec67b9d850976672badd93e455802fbb076208ca0f83d6689ba047a67a,2022-02-10T02:09:41.689726,2022-02-10T02:09:41.690624
"('satellogic_all/fields2020/image_20201008-135326-081_0143-u8be-1x5120x5120.raw',)",satellogic_all/fields2020/image_20201008-135326-081_0143-u8be-1x5120x5120.raw,fields2020,26214400,f863ff0c4e3f860e3c553a70afae34d7d818a4d08dc63a29e71191ddc5bb19e1,2022-02-10T02:09:41.697023,2022-02-10T02:09:41.698198
"('satellogic_all/fields2020/image_20201008-135326-208_0145-u8be-1x5120x5120.raw',)",satellogic_all/fields2020/image_20201008-135326-208_0145-u8be-1x5120x5120.raw,fields2020,26214400,ddadb7a6f5ea6febf96fa2c40638fda75189fea437358a6c4805f288b572fed8,2022-02-10T02:09:41.709341,2022-02-10T02:09:41.710599
"('satellogic_all/fields2020/image_20201008-135326-334_0147-u8be-1x5120x5120.raw',)",satellogic_all/fields2020/image_20201008-135326-334_0147-u8be-1x5120x5120.raw,fields2020,26214400,f37940b6f553f5166544c6e9038bee2878d1d0c11a3ab00e7442e28530746ddb,2022-02-10T02:09:41.701594,2022-02-10T02:09:41.702346
"('satellogic_all/fields2020/image_20201008-135326-461_0149-u8be-1x5120x5120.raw',)",satellogic_all/fields2020/image_20201008-135326-461_0149-u8be-1x5120x5120.raw,fields2020,26214400,438bac92307e601875a06970f5d74dd7627e83ac4953298eabf21c0bccc682ea,2022-02-10T02:09:41.702290,2022-02-10T02:09:41.702984
"('satellogic_all/fields2020/image_20201008-135326-587_0151-u8be-1x5120x5120.raw',)",satellogic_all/fields2020/image_20201008-135326-587_0151-u8be-1x5120x5120.raw,fields2020,26214400,42c2f95e6cc4bee059e42f687f478d1c4131033b153a3be46f46f369ef508d2c,2022-02-10T02:09:41.709330,2022-02-10T02:09:41.710089
"('satellogic_all/fields2020/image_20201008-135326-713_0153-u8be-1x5120x5120.raw',)",satellogic_all/fields2020/image_20201008-135326-713_0153-u8be-1x5120x5120.raw,fields2020,26214400,64c6da4091b73345de4d36daa155ac80fc632077ed900595087917dc6d5b4079,2022-02-10T02:09:41.724185,2022-02-10T02:09:41.725047
"('satellogic_all/fields2020/image_20201008-135326-840_0155-u8be-1x5120x5120.raw',)",satellogic_all/fields2020/image_20201008-135326-840_0155-u8be-1x5120x5120.raw,fields2020,26214400,d4dda40028dfa06d39a4f58574f08ebaca4542aafc2681c5ab78222619fbbba0,2022-02-10T02:09:41.723492,2022-02-10T02:09:41.724861
"('satellogic_all/fields2020/image_20201008-135326-966_0157-u8be-1x5120x5120.raw',)",satellogic_all/fields2020/image_20201008-135326-966_0157-u8be-1x5120x5120.raw,fields2020,26214400,6f5166f53920392600a058ec0c0fb0f39865c06d70c16fd2c29f92b1d3929b41,2022-02-10T02:09:41.721358,2022-02-10T02:09:41.722352
"('satellogic_all/fields2020/image_20201008-135327-093_0159-u8be-1x5120x5120.raw',)",satellogic_all/fields2020/image_20201008-135327-093_0159-u8be-1x5120x5120.raw,fields2020,26214400,7e1ee308a6de2709c352c93f7bf35a5b31d944fe61d38b4da302b5bc4446ac87,2022-02-10T02:09:41.736070,2022-02-10T02:09:41.738740
"('satellogic_all/fields2020/image_20201008-135327-219_0161-u8be-1x5120x5120.raw',)",satellogic_all/fields2020/image_20201008-135327-219_0161-u8be-1x5120x5120.raw,fields2020,26214400,2a3a430d9cfa1704fcc0fe5205ec758e545c03bedeb4f531aee8e5cbc8c33468,2022-02-10T02:09:41.739219,2022-02-10T02:09:41.740019
"('satellogic_all/fields2020/image_20201008-135327-345_0163-u8be-1x5120x5120.raw',)",satellogic_all/fields2020/image_20201008-135327-345_0163-u8be-1x5120x5120.raw,fields2020,26214400,e23dc2430c3b9ab2f17c5e68b371f7373e98599c6a96949c6b7179cebbad436e,2022-02-10T02:09:41.748122,2022-02-10T02:09:41.749311
"('satellogic_all/fields2020/image_20201008-135327-472_0165-u8be-1x5120x5120.raw',)",satellogic_all/fields2020/image_20201008-135327-472_0165-u8be-1x5120x5120.raw,fields2020,26214400,4d8016c76a621cf5516ddd6d70bc9bcae38e1ceb659dbd22ac5c6138de297ad1,2022-02-10T02:09:41.753722,2022-02-10T02:09:41.756260
"('satellogic_all/fields2020/image_20201008-135327-598_0167-u8be-1x5120x5120.raw',)",satellogic_all/fields2020/image_20201008-135327-598_0167-u8be-1x5120x5120.raw,fields2020,26214400,42637ae3fa2d4bd90ab18c442608eb0c1e96eda06ad864aa2ee40110492808a3,2022-02-10T02:09:41.755677,2022-02-10T02:09:41.756787
"('satellogic_all/fields2020/image_20201008-135327-725_0169-u8be-1x5120x5120.raw',)",satellogic_all/fields2020/image_20201008-135327-725_0169-u8be-1x5120x5120.raw,fields2020,26214400,7599ad77cdcbd8b0621ef419defb6b230eba4f8779a67c063794d29c238888e7,2022-02-10T02:09:41.753260,2022-02-10T02:09:41.754355
"('satellogic_all/fields2020/image_20201008-135327-851_0171-u8be-1x5120x5120.raw',)",satellogic_all/fields2020/image_20201008-135327-851_0171-u8be-1x5120x5120.raw,fields2020,26214400,848d93438749f27983593cd3b12496d23ae2e433d1cf5b94ede658d10502c18e,2022-02-10T02:09:41.768863,2022-02-10T02:09:41.769780
"('satellogic_all/fields2020/image_20201008-135327-978_0173-u8be-1x5120x5120.raw',)",satellogic_all/fields2020/image_20201008-135327-978_0173-u8be-1x5120x5120.raw,fields2020,26214400,dd13d34c2e11fb79d4b06f477384398bbb65042748c12ce58f492d29f43de382,2022-02-10T02:09:41.771413,2022-02-10T02:09:41.772334
"('satellogic_all/fields2020/image_20201008-135328-104_0175-u8be-1x5120x5120.raw',)",satellogic_all/fields2020/image_20201008-135328-104_0175-u8be-1x5120x5120.raw,fields2020,26214400,2ade03964ce5da4516572e9e241332f235cfc105c6a261f127ade963b163b2fc,2022-02-10T02:09:41.777533,2022-02-10T02:09:41.778437
"('satellogic_all/fields2020/image_20201008-135328-230_0177-u8be-1x5120x5120.raw',)",satellogic_all/fields2020/image_20201008-135328-230_0177-u8be-1x5120x5120.raw,fields2020,26214400,fb6457fdba2d64615ff12bc27ea575ae9e8195bdcabd6b40637e2f2e7062ef23,2022-02-10T02:09:41.785595,2022-02-10T02:09:41.786716
"('satellogic_all/fields2020/image_20201008-135328-357_0179-u8be-1x5120x5120.raw',)",satellogic_all/fields2020/image_20201008-135328-357_0179-u8be-1x5120x5120.raw,fields2020,26214400,5aedf9a20acc97fc16ef87e0c3752f6e504a3295a149b59b906c495be9d5ac46,2022-02-10T02:09:41.782458,2022-02-10T02:09:41.783507
"('satellogic_all/fields2020/image_20201008-135328-483_0181-u8be-1x5120x5120.raw',)",satellogic_all/fields2020/image_20201008-135328-483_0181-u8be-1x5120x5120.raw,fields2020,26214400,ba1e11f37d600c9b7e9bedbc1e2ae0221645e5f8adc40616f61c12475ff64af5,2022-02-10T02:09:41.789222,2022-02-10T02:09:41.790292
"('satellogic_all/fields2020/image_20201008-135328-610_0183-u8be-1x5120x5120.raw',)",satellogic_all/fields2020/image_20201008-135328-610_0183-u8be-1x5120x5120.raw,fields2020,26214400,2e0c48c44a3483141c80261594f9ec7d3f47fbe32151737c77bcdd25efefec44,2022-02-10T02:09:41.790482,2022-02-10T02:09:41.791442
"('satellogic_all/fields2020/image_20201008-135328-736_0185-u8be-1x5120x5120.raw',)",satellogic_all/fields2020/image_20201008-135328-736_0185-u8be-1x5120x5120.raw,fields2020,26214400,65e0a464f648c4ff48cb20e31bc9233249e26ed6f176a30f5aea4384dd1d8c96,2022-02-10T02:09:41.794307,2022-02-10T02:09:41.795602
"('satellogic_all/fields2020/image_20201008-135328-862_0187-u8be-1x5120x5120.raw',)",satellogic_all/fields2020/image_20201008-135328-862_0187-u8be-1x5120x5120.raw,fields2020,26214400,118438203fb7c3cf7a46bbfa9f0025db68561a55b717b535bd102476e3f23c60,2022-02-10T02:09:41.803205,2022-02-10T02:09:41.804270
"('satellogic_all/fields2020/image_20201008-135328-989_0189-u8be-1x5120x5120.raw',)",satellogic_all/fields2020/image_20201008-135328-989_0189-u8be-1x5120x5120.raw,fields2020,26214400,2ada81bfd9ec34335d067609d4c75bd88f594998659c84fd1da67f5eaabb1358,2022-02-10T02:09:41.798456,2022-02-10T02:09:41.799777
"('satellogic_all/fields2020/image_20201008-135329-115_0191-u8be-1x5120x5120.raw',)",satellogic_all/fields2020/image_20201008-135329-115_0191-u8be-1x5120x5120.raw,fields2020,26214400,80fe7a210d83f3774fa45a2eebf9807e7582476c7e3844941df58ef701fba667,2022-02-10T02:09:41.813987,2022-02-10T02:09:41.815109
"('satellogic_all/fields2020/image_20201008-135329-242_0193-u8be-1x5120x5120.raw',)",satellogic_all/fields2020/image_20201008-135329-242_0193-u8be-1x5120x5120.raw,fields2020,26214400,2502f3b6aa770218d28beeca39e9cc359de8e09670249301b2d574b06b5fb147,2022-02-10T02:09:41.818645,2022-02-10T02:09:41.820078
"('satellogic_all/fields2020/image_20201008-135329-368_0195-u8be-1x5120x5120.raw',)",satellogic_all/fields2020/image_20201008-135329-368_0195-u8be-1x5120x5120.raw,fields2020,26214400,3651116228a9ddf7112fce1230957dd28d24403a0851f0eff3e3e55f00e67a45,2022-02-10T02:09:41.820497,2022-02-10T02:09:41.821432
"('satellogic_all/fields2020/image_20201008-135329-494_0197-u8be-1x5120x5120.raw',)",satellogic_all/fields2020/image_20201008-135329-494_0197-u8be-1x5120x5120.raw,fields2020,26214400,ef6197a5e14c70e55d8fbc4e7b938f31e5b0d86c64422c203053562f77ee60a8,2022-02-10T02:09:41.820150,2022-02-10T02:09:41.821120
"('satellogic_all/fields2020/image_20201008-135329-621_0199-u8be-1x5120x5120.raw',)",satellogic_all/fields2020/image_20201008-135329-621_0199-u8be-1x5120x5120.raw,fields2020,26214400,3095ce16e8da04da7e78df6661036ff268172347ed4e423eae2cbab4b30f32a8,2022-02-10T02:09:41.829667,2022-02-10T02:09:41.830768
"('satellogic_all/fields2020/image_20201008-135329-747_0201-u8be-1x5120x5120.raw',)",satellogic_all/fields2020/image_20201008-135329-747_0201-u8be-1x5120x5120.raw,fields2020,26214400,c0e4f9f2d7ca37d6ff25e0607a7a2629a621db40db9f17892e58becf6c3c8922,2022-02-10T02:09:41.824554,2022-02-10T02:09:41.825753
"('satellogic_all/fields2020/image_20201008-135329-874_0203-u8be-1x5120x5120.raw',)",satellogic_all/fields2020/image_20201008-135329-874_0203-u8be-1x5120x5120.raw,fields2020,26214400,2ba0491424d84d0f0d58edd577c0029caeed6336608b57dd1bfc2e3c315f2eaa,2022-02-10T02:09:41.826502,2022-02-10T02:09:41.827546
"('satellogic_all/fields2020/image_20201008-135330-000_0205-u8be-1x5120x5120.raw',)",satellogic_all/fields2020/image_20201008-135330-000_0205-u8be-1x5120x5120.raw,fields2020,26214400,5c3e61559db9271811febbf78b61f0561f1b30124938dbf5281f86d9f0292f0e,2022-02-10T02:09:41.838948,2022-02-10T02:09:41.840311
"('satellogic_all/fields2020/image_20201008-135330-127_0207-u8be-1x5120x5120.raw',)",satellogic_all/fields2020/image_20201008-135330-127_0207-u8be-1x5120x5120.raw,fields2020,26214400,c32dcc08c50e1e347a6d90a4a834fa3b490c37d6982af1927e7b29be498c806a,2022-02-10T02:09:41.837757,2022-02-10T02:09:41.838696
"('satellogic_all/fields2020/image_20201008-135330-253_0209-u8be-1x5120x5120.raw',)",satellogic_all/fields2020/image_20201008-135330-253_0209-u8be-1x5120x5120.raw,fields2020,26214400,085e2e25ace08e7e15309b80993e46db4304738b61a5f5be77a3d2b1841188fd,2022-02-10T02:09:41.840333,2022-02-10T02:09:41.841270
"('satellogic_all/fields2020/image_20201008-135330-380_0211-u8be-1x5120x5120.raw',)",satellogic_all/fields2020/image_20201008-135330-380_0211-u8be-1x5120x5120.raw,fields2020,26214400,fce9c39e32aaf991bcbccfe575ccf1eafc72f5eb32478e16c2b27339efcb746e,2022-02-10T02:09:41.851461,2022-02-10T02:09:41.852375
"('satellogic_all/fields2020/image_20201008-135330-506_0213-u8be-1x5120x5120.raw',)",satellogic_all/fields2020/image_20201008-135330-506_0213-u8be-1x5120x5120.raw,fields2020,26214400,55a03b848f1cdbdf45c5def97761de9d2ca4af37cf5bb61b2f6a6c6b7e7b62ed,2022-02-10T02:09:41.844972,2022-02-10T02:09:41.846958
"('satellogic_all/fields2020/image_20201008-135330-632_0215-u8be-1x5120x5120.raw',)",satellogic_all/fields2020/image_20201008-135330-632_0215-u8be-1x5120x5120.raw,fields2020,26214400,3cb652f3cb5bfb4d881c302a0fbae720eb2b7b45dd51e6ac224ee22c78aaf1e1,2022-02-10T02:09:41.850962,2022-02-10T02:09:41.852000
"('satellogic_all/fields2020/image_20201008-135330-759_0217-u8be-1x5120x5120.raw',)",satellogic_all/fields2020/image_20201008-135330-759_0217-u8be-1x5120x5120.raw,fields2020,26214400,53928e7a7492ccf2562366490f8ecc2234564d397fc2277769ce56353022c995,2022-02-10T02:09:41.855203,2022-02-10T02:09:41.857649
"('satellogic_all/fields2020/image_20201008-135330-885_0219-u8be-1x5120x5120.raw',)",satellogic_all/fields2020/image_20201008-135330-885_0219-u8be-1x5120x5120.raw,fields2020,26214400,b2e62c7fdcdcfcd91c689a2085ba19b91d72709f3ad18b80159adf5528a21dae,2022-02-10T02:09:41.861408,2022-02-10T02:09:41.862308
"('satellogic_all/fields2020/image_20201008-135331-011_0221-u8be-1x5120x5120.raw',)",satellogic_all/fields2020/image_20201008-135331-011_0221-u8be-1x5120x5120.raw,fields2020,26214400,04970b8117142f62ac27bae793e91b118e3653ba2ec79291e1ba1596d30f6e11,2022-02-10T02:09:41.868316,2022-02-10T02:09:41.869440
"('satellogic_all/fields2020/image_20201008-135331-138_0223-u8be-1x5120x5120.raw',)",satellogic_all/fields2020/image_20201008-135331-138_0223-u8be-1x5120x5120.raw,fields2020,26214400,9c21d58fb8b173b5ae784f8d6b8fdd9043583212f6abca826c6bafa412bfdeb2,2022-02-10T02:09:41.874181,2022-02-10T02:09:41.875511
"('satellogic_all/fields2020/image_20201008-135331-264_0225-u8be-1x5120x5120.raw',)",satellogic_all/fields2020/image_20201008-135331-264_0225-u8be-1x5120x5120.raw,fields2020,26214400,dd856279590871904de22f8d7b6497fbb864e6f8b72da374976a9621299d1845,2022-02-10T02:09:41.866479,2022-02-10T02:09:41.867591
"('satellogic_all/fields2020/image_20201008-135331-391_0227-u8be-1x5120x5120.raw',)",satellogic_all/fields2020/image_20201008-135331-391_0227-u8be-1x5120x5120.raw,fields2020,26214400,fc7eb3ea2417a86df48b90cde0d379df5bbfde2708b90693cc7a5d10993dc558,2022-02-10T02:09:41.886041,2022-02-10T02:09:41.887128
"('satellogic_all/fields2020/image_20201008-135331-517_0229-u8be-1x5120x5120.raw',)",satellogic_all/fields2020/image_20201008-135331-517_0229-u8be-1x5120x5120.raw,fields2020,26214400,a01b998082d17567a8c4209fa28bea29677f66ee9f7f6097b7afdb1164badfee,2022-02-10T02:09:41.886891,2022-02-10T02:09:41.888131
"('satellogic_all/fields2020/image_20201008-135331-644_0231-u8be-1x5120x5120.raw',)",satellogic_all/fields2020/image_20201008-135331-644_0231-u8be-1x5120x5120.raw,fields2020,26214400,e94f37ba790c017340a7ac47dc25ea3b2b38c53cfad12c3f73dbb43fa8ea585a,2022-02-10T02:09:41.894846,2022-02-10T02:09:41.895906
"('satellogic_all/fields2020/image_20201008-135331-770_0233-u8be-1x5120x5120.raw',)",satellogic_all/fields2020/image_20201008-135331-770_0233-u8be-1x5120x5120.raw,fields2020,26214400,ddab30fed9b3f0505f441457d5e93af18e367936f1624fc25596d6d2e911b2d1,2022-02-10T02:09:41.889789,2022-02-10T02:09:41.890548
"('satellogic_all/fields2020/image_20201008-135331-896_0235-u8be-1x5120x5120.raw',)",satellogic_all/fields2020/image_20201008-135331-896_0235-u8be-1x5120x5120.raw,fields2020,26214400,1a33b7b4c9b2239476f45a1554df858ecd6cf6f490d1c1563430dc8189662df2,2022-02-10T02:09:41.902023,2022-02-10T02:09:41.903106
"('satellogic_all/fields2020/image_20201008-135332-023_0237-u8be-1x5120x5120.raw',)",satellogic_all/fields2020/image_20201008-135332-023_0237-u8be-1x5120x5120.raw,fields2020,26214400,a3e77eaefa56f4fd35c76f3c70b9dfd9da1663f696d633e5262f9d917e4017ef,2022-02-10T02:09:41.908491,2022-02-10T02:09:41.909683
"('satellogic_all/fields2020/image_20201008-135332-149_0239-u8be-1x5120x5120.raw',)",satellogic_all/fields2020/image_20201008-135332-149_0239-u8be-1x5120x5120.raw,fields2020,26214400,f988cdfd63f570b1dff160e4e56c17345f0b799129f955217f30b7f79543e1dc,2022-02-10T02:09:41.913501,2022-02-10T02:09:41.914549
"('satellogic_all/fields2020/image_20201008-135332-276_0241-u8be-1x5120x5120.raw',)",satellogic_all/fields2020/image_20201008-135332-276_0241-u8be-1x5120x5120.raw,fields2020,26214400,09c1d2a33dc1c523236f81ec0d21b80d47e6f1cab9348c76d5998b819e0d85b6,2022-02-10T02:09:41.922121,2022-02-10T02:09:41.923240
"('satellogic_all/fields2020/image_20201008-135332-402_0243-u8be-1x5120x5120.raw',)",satellogic_all/fields2020/image_20201008-135332-402_0243-u8be-1x5120x5120.raw,fields2020,26214400,0d7a41ae8e99160a2b9b9cb7826207c78c0f07834dafc5185f0dcbb5a057ac4a,2022-02-10T02:09:41.925805,2022-02-10T02:09:41.926595
"('satellogic_all/fields2020/image_20201008-135332-528_0245-u8be-1x5120x5120.raw',)",satellogic_all/fields2020/image_20201008-135332-528_0245-u8be-1x5120x5120.raw,fields2020,26214400,3881d3e83609e31f6024e65136527dc73fe7b6018fee3c1b39f481fb602d2f5b,2022-02-10T02:09:41.931975,2022-02-10T02:09:41.932902
"('satellogic_all/fields2020/image_20201008-135332-655_0247-u8be-1x5120x5120.raw',)",satellogic_all/fields2020/image_20201008-135332-655_0247-u8be-1x5120x5120.raw,fields2020,26214400,c57a1e7d90dd30f549c24d7670ac2203107a085da1b66c3aef4d5a4e768bf554,2022-02-10T02:09:41.935790,2022-02-10T02:09:41.936693
"('satellogic_all/fields2020/image_20201008-135332-781_0249-u8be-1x5120x5120.raw',)",satellogic_all/fields2020/image_20201008-135332-781_0249-u8be-1x5120x5120.raw,fields2020,26214400,699fe1d1afb61e96b8277cbcde38b8e038f49a44ddb6f5701e28ae755b61c67e,2022-02-10T02:09:41.944538,2022-02-10T02:09:41.945438
"('satellogic_all/fields2020/image_20201008-135332-908_0251-u8be-1x5120x5120.raw',)",satellogic_all/fields2020/image_20201008-135332-908_0251-u8be-1x5120x5120.raw,fields2020,26214400,c9ce2e0f199bc179f2ee9dde5e86df8ae23056bfbba20bb51c04b0fbe37f7eb7,2022-02-10T02:09:41.948130,2022-02-10T02:09:41.949010
"('satellogic_all/fields2020/image_20201008-135333-034_0253-u8be-1x5120x5120.raw',)",satellogic_all/fields2020/image_20201008-135333-034_0253-u8be-1x5120x5120.raw,fields2020,26214400,7d4d158fa6bdf19809d9a97e758f59a367fe88f534ac77596e0ed6a0e12bcd5c,2022-02-10T02:09:41.957857,2022-02-10T02:09:41.958957
"('satellogic_all/fields2020/image_20201008-135333-160_0255-u8be-1x5120x5120.raw',)",satellogic_all/fields2020/image_20201008-135333-160_0255-u8be-1x5120x5120.raw,fields2020,26214400,f66626090164303036c8ffd403a0e0a1b594c48b88af8de6bb21438ee12a6510,2022-02-10T02:09:41.963522,2022-02-10T02:09:41.964363
"('satellogic_all/fields2020/image_20201008-135333-287_0257-u8be-1x5120x5120.raw',)",satellogic_all/fields2020/image_20201008-135333-287_0257-u8be-1x5120x5120.raw,fields2020,26214400,dce9d8d09f6cca6ffa0e7410fe2dedaf876307aea1fc4a72c4139f2f347ba608,2022-02-10T02:09:41.962752,2022-02-10T02:09:41.963907
"('satellogic_all/fields2020/image_20201008-135333-413_0259-u8be-1x5120x5120.raw',)",satellogic_all/fields2020/image_20201008-135333-413_0259-u8be-1x5120x5120.raw,fields2020,26214400,f43f0b965c98820a355c1933c82e5af1e77ee178c44c3d8db83ba297f5b94426,2022-02-10T02:09:41.972092,2022-02-10T02:09:41.973149
"('satellogic_all/fields2020/image_20201008-135333-540_0261-u8be-1x5120x5120.raw',)",satellogic_all/fields2020/image_20201008-135333-540_0261-u8be-1x5120x5120.raw,fields2020,26214400,20ae2e8224c70642cb48d8803c9f155c03dd312f8038d1c08b045ed282b8b537,2022-02-10T02:09:41.971443,2022-02-10T02:09:41.972547
"('satellogic_all/fields2020/image_20201008-135333-666_0263-u8be-1x5120x5120.raw',)",satellogic_all/fields2020/image_20201008-135333-666_0263-u8be-1x5120x5120.raw,fields2020,26214400,5e212c30f11bcc164fb9d4c9d98d3a9034730465dd7ea1fdbda56332f1b7b8ca,2022-02-10T02:09:41.978121,2022-02-10T02:09:41.979017
"('satellogic_all/fields2020/image_20201008-135333-793_0265-u8be-1x5120x5120.raw',)",satellogic_all/fields2020/image_20201008-135333-793_0265-u8be-1x5120x5120.raw,fields2020,26214400,b8e9a371c447ed461cce30358ab44e743e99b597e8c8600f8cfaa3f8191c5111,2022-02-10T02:09:41.983277,2022-02-10T02:09:41.985076
"('satellogic_all/fields2020/image_20201008-135333-919_0267-u8be-1x5120x5120.raw',)",satellogic_all/fields2020/image_20201008-135333-919_0267-u8be-1x5120x5120.raw,fields2020,26214400,2066ee41bf8aba2284944bf5b21e6581c1736e20c46774bbfa0ff383048c8c50,2022-02-10T02:09:41.989379,2022-02-10T02:09:41.990087
"('satellogic_all/fields2020/image_20201008-135334-045_0269-u8be-1x5120x5120.raw',)",satellogic_all/fields2020/image_20201008-135334-045_0269-u8be-1x5120x5120.raw,fields2020,26214400,d2121f5812892eadda528b78d245ff36136cc3d6ab6d64a6dbf9c34c9f18586d,2022-02-10T02:09:41.994000,2022-02-10T02:09:41.995871
"('satellogic_all/fields2020/image_20201008-135334-172_0271-u8be-1x5120x5120.raw',)",satellogic_all/fields2020/image_20201008-135334-172_0271-u8be-1x5120x5120.raw,fields2020,26214400,0711a966609ae41ba0e2d1f122ce78d6c1ecf713a53efaa272a73627f6c13750,2022-02-10T02:09:42.000059,2022-02-10T02:09:42.000768
"('satellogic_all/fields2020/image_20201008-135334-298_0273-u8be-1x5120x5120.raw',)",satellogic_all/fields2020/image_20201008-135334-298_0273-u8be-1x5120x5120.raw,fields2020,26214400,d6570fc7d00c61cd553ca6a6e84442b4f3689a09196b435d8ccbcaf417d9480e,2022-02-10T02:09:42.000618,2022-02-10T02:09:42.001326
"('satellogic_all/fields2020/image_20201008-135334-424_0275-u8be-1x5120x5120.raw',)",satellogic_all/fields2020/image_20201008-135334-424_0275-u8be-1x5120x5120.raw,fields2020,26214400,61f049253032c08932b48c5e2b5912001fb0f84d57df09ebbb38cf95be406a03,2022-02-10T02:09:42.012653,2022-02-10T02:09:42.013738
"('satellogic_all/fields2020/image_20201008-135334-551_0277-u8be-1x5120x5120.raw',)",satellogic_all/fields2020/image_20201008-135334-551_0277-u8be-1x5120x5120.raw,fields2020,26214400,1d25b060c002698e566d86b015bcb102811fc7776834b4718ec64149e0811522,2022-02-10T02:09:42.024772,2022-02-10T02:09:42.025818
"('satellogic_all/fields2020/image_20201008-135334-677_0279-u8be-1x5120x5120.raw',)",satellogic_all/fields2020/image_20201008-135334-677_0279-u8be-1x5120x5120.raw,fields2020,26214400,b7086959b3715bed444f0048c5adad842de43ad0f7750734965e217b2afa6818,2022-02-10T02:09:42.020883,2022-02-10T02:09:42.021955
"('satellogic_all/fields2020/image_20201008-135334-804_0281-u8be-1x5120x5120.raw',)",satellogic_all/fields2020/image_20201008-135334-804_0281-u8be-1x5120x5120.raw,fields2020,26214400,3565976ed468903f4caed6850fb5589c84abdb7d28c22a579e429677654a819c,2022-02-10T02:09:42.027556,2022-02-10T02:09:42.028536
"('satellogic_all/fields2020/image_20201008-135334-930_0283-u8be-1x5120x5120.raw',)",satellogic_all/fields2020/image_20201008-135334-930_0283-u8be-1x5120x5120.raw,fields2020,26214400,a020282ded35a67eeb5888afd89c2a32d7524b206ccaa754b692d6f10eceec64,2022-02-10T02:09:42.033853,2022-02-10T02:09:42.034577
"('satellogic_all/fields2020/image_20201008-135335-057_0285-u8be-1x5120x5120.raw',)",satellogic_all/fields2020/image_20201008-135335-057_0285-u8be-1x5120x5120.raw,fields2020,26214400,9c9bcb2aba9de6968201f5f599683bcb4c5d84b1398b0e59faec88159945d5d2,2022-02-10T02:09:42.049761,2022-02-10T02:09:42.050945
"('satellogic_all/fields2020/image_20201008-135335-183_0287-u8be-1x5120x5120.raw',)",satellogic_all/fields2020/image_20201008-135335-183_0287-u8be-1x5120x5120.raw,fields2020,26214400,83396f3c89fca5379252f052c8341b118b5d5cf84e83c4f0678150f20ff3d4a5,2022-02-10T02:09:42.042456,2022-02-10T02:09:42.043429
"('satellogic_all/fields2020/image_20201008-135335-310_0289-u8be-1x5120x5120.raw',)",satellogic_all/fields2020/image_20201008-135335-310_0289-u8be-1x5120x5120.raw,fields2020,26214400,9183ee3bd2d86ef0219d6c45481a5918973854d3888d4571f7b21f1f495eaa4d,2022-02-10T02:09:42.050211,2022-02-10T02:09:42.051688
"('satellogic_all/fields2020/image_20201008-135335-436_0291-u8be-1x5120x5120.raw',)",satellogic_all/fields2020/image_20201008-135335-436_0291-u8be-1x5120x5120.raw,fields2020,26214400,310c6706387ed1fa11546c6ccaa0b2abe773c3f31bbb48b4a72d545f29785508,2022-02-10T02:09:42.064173,2022-02-10T02:09:42.065077
"('satellogic_all/fields2020/image_20201008-135335-562_0293-u8be-1x5120x5120.raw',)",satellogic_all/fields2020/image_20201008-135335-562_0293-u8be-1x5120x5120.raw,fields2020,26214400,dee0b24efcf24a691669a228b131911c37aef3a00416296e4044a2a3de3707fe,2022-02-10T02:09:42.059381,2022-02-10T02:09:42.060213
"('satellogic_all/fields2020/image_20201008-135335-689_0295-u8be-1x5120x5120.raw',)",satellogic_all/fields2020/image_20201008-135335-689_0295-u8be-1x5120x5120.raw,fields2020,26214400,365f0264ccabcc13aa8db350317bf97728ace46e225c1c10bfb90387e9b8a269,2022-02-10T02:09:42.070165,2022-02-10T02:09:42.071233
"('satellogic_all/fields2020/image_20201008-135335-815_0297-u8be-1x5120x5120.raw',)",satellogic_all/fields2020/image_20201008-135335-815_0297-u8be-1x5120x5120.raw,fields2020,26214400,86772a7f9606c0918cccb9547dd986616d483e4ebae2db150acdaa608b20cf68,2022-02-10T02:09:42.074628,2022-02-10T02:09:42.075500
"('satellogic_all/fields2020/image_20201008-135335-942_0299-u8be-1x5120x5120.raw',)",satellogic_all/fields2020/image_20201008-135335-942_0299-u8be-1x5120x5120.raw,fields2020,26214400,883193344b77bc17eaebf89670acd58094c67cad8d23272fd3d6e69994f28773,2022-02-10T02:09:42.076788,2022-02-10T02:09:42.077787
"('satellogic_all/fields2020/image_20201008-135336-068_0301-u8be-1x5120x5120.raw',)",satellogic_all/fields2020/image_20201008-135336-068_0301-u8be-1x5120x5120.raw,fields2020,26214400,e4f78ef160e86b9163685286e4a109e2941d10e37ffa38020e16c9815a0cc135,2022-02-10T02:09:42.080331,2022-02-10T02:09:42.081082
"('satellogic_all/fields2020/image_20201008-135336-195_0303-u8be-1x5120x5120.raw',)",satellogic_all/fields2020/image_20201008-135336-195_0303-u8be-1x5120x5120.raw,fields2020,26214400,256e06d9bad0fd9428cfc5b81649cc84a84bbcd359f9b10ddd7421646535f0d7,2022-02-10T02:09:42.080105,2022-02-10T02:09:42.080771
"('satellogic_all/fields2020/image_20201008-135336-321_0305-u8be-1x5120x5120.raw',)",satellogic_all/fields2020/image_20201008-135336-321_0305-u8be-1x5120x5120.raw,fields2020,26214400,db8112eeccec5812fe33a1a42cd8a060bdc089ec933de1d87f38f5b037548068,2022-02-10T02:09:42.091830,2022-02-10T02:09:42.092879
"('satellogic_all/fields2020/image_20201008-135336-447_0307-u8be-1x5120x5120.raw',)",satellogic_all/fields2020/image_20201008-135336-447_0307-u8be-1x5120x5120.raw,fields2020,26214400,4b72d6f144bed9c3604c8b62c24a19b719b9727cfa27dd05501db98ae5ea7935,2022-02-10T02:09:42.085051,2022-02-10T02:09:42.085998
"('satellogic_all/fields2020/image_20201008-135336-574_0309-u8be-1x5120x5120.raw',)",satellogic_all/fields2020/image_20201008-135336-574_0309-u8be-1x5120x5120.raw,fields2020,26214400,9e126bd7fe94c13cb88b0f4259dd33214cf1ea645313023f64349cf5cdb486a3,2022-02-10T02:09:42.104583,2022-02-10T02:09:42.105484
"('satellogic_all/fields2020/image_20201008-135336-700_0311-u8be-1x5120x5120.raw',)",satellogic_all/fields2020/image_20201008-135336-700_0311-u8be-1x5120x5120.raw,fields2020,26214400,299471a4f57589c841a3ea6edbee1c673903afe4a602d5b1649271eaab15901c,2022-02-10T02:09:42.105628,2022-02-10T02:09:42.106525
"('satellogic_all/fields2020/image_20201008-135336-827_0313-u8be-1x5120x5120.raw',)",satellogic_all/fields2020/image_20201008-135336-827_0313-u8be-1x5120x5120.raw,fields2020,26214400,fbb7c3eacab3b19604b32d05a6a3d6bef80c6df85b5ae0034784efbd8e9b06e0,2022-02-10T02:09:42.111844,2022-02-10T02:09:42.112606
"('satellogic_all/fields2020/image_20201008-135336-953_0315-u8be-1x5120x5120.raw',)",satellogic_all/fields2020/image_20201008-135336-953_0315-u8be-1x5120x5120.raw,fields2020,26214400,97e741300a41fb9098abd297f116daa84be7c767dd1b1321071479d45aaa6dd4,2022-02-10T02:09:42.120601,2022-02-10T02:09:42.121310
"('satellogic_all/fields2020/image_20201008-135337-079_0317-u8be-1x5120x5120.raw',)",satellogic_all/fields2020/image_20201008-135337-079_0317-u8be-1x5120x5120.raw,fields2020,26214400,41ed48c49ecb726888126386ba8edde850339e7af221083b882dbbb31fdaa510,2022-02-10T02:09:42.127888,2022-02-10T02:09:42.128766
"('satellogic_all/fields2020/image_20201008-135337-206_0319-u8be-1x5120x5120.raw',)",satellogic_all/fields2020/image_20201008-135337-206_0319-u8be-1x5120x5120.raw,fields2020,26214400,79dc725f1b3d2d0f5e0331f3de11dc3ae3ff437928d41f5620cb9d92f945e8d5,2022-02-10T02:09:42.134711,2022-02-10T02:09:42.136421
